age,sex,r_city,ethnos,is_depressed,is_rs6318,is_rs5569,is_2919,is_15377,is_9698,is_12845,is_11366,is_16987,is_12170,is_rs4680,is_rs6265,nationality
29,2,Хандыга,mon,false,false,false,true,false,true,false,false,false,false,true,false,якут
41,2,Хандыга,mon,false,false,false,true,false,true,false,false,false,false,true,false,якут
37,2,Хандыга,mon,false,false,false,false,false,true,false,false,false,false,true,false,якут
23,1,Хандыга,mon,false,false,false,true,false,true,false,false,false,false,true,false,якут
18,1,Хандыга,mon,false,false,false,true,false,true,false,false,false,false,true,false,якут
18,1,Хандыга,mon,false,false,false,true,false,true,false,false,false,false,true,false,якут
33,2,Хандыга,mon,false,false,false,false,false,false,false,false,false,false,true,false,якут
18,2,Хандыга,mon,false,false,false,true,false,true,false,false,false,false,true,false,якут
18,1,Хандыга,mon,false,false,false,true,false,true,false,false,false,false,true,false,якут
18,1,Хандыга,mon,false,false,false,true,false,true,false,false,false,false,true,false,якут
36,2,Хандыга,mon,false,false,false,false,false,true,false,false,false,false,true,false,якут
32,2,Хандыга,evr,false,false,false,true,false,true,false,false,false,false,true,false,русский
37,2,Хандыга,evr,false,false,false,true,false,true,false,false,false,false,true,false,русский
22,1,Новосибирск,evr,false,false,false,false,true,false,false,false,true,true,true,false,русский
20,2,Новосибирск,evr,false,false,false,false,false,true,false,true,true,false,true,false,русский
33,2,Новосибирск,evr,false,false,false,true,false,true,false,false,false,false,true,false,русский
52,2,Байкал_медитатор,evr,false,true,false,false,true,false,false,false,false,false,true,false,русский
71,2,Байкал_медитатор,evr,false,true,false,false,true,true,false,false,false,false,true,false,русский
20,1,Байкал_медитатор,evr,false,true,false,false,true,true,false,false,false,false,true,false,русский
49,2,Байкал_медитатор,evr,false,false,false,false,true,true,false,false,false,false,true,false,русский
36,2,Байкал_медитатор,evr,false,false,false,false,true,false,false,false,false,false,true,false,русский
52,1,Болотное,evr,false,false,false,false,false,true,false,false,false,false,true,false,русский
54,2,Болотное,evr,false,false,false,false,false,false,true,false,false,false,true,false,русский
35,1,Болотное,evr,false,false,false,false,false,true,true,false,false,false,true,false,русский
25,2,Болотное,evr,false,false,false,false,false,true,true,false,false,false,true,false,русский
25,2,Новосибирск,evr,false,false,false,true,true,true,false,false,true,true,true,false,русский
16,2,Болотное,evr,false,false,false,false,false,true,true,false,false,false,true,false,русский
17,1,Болотное,evr,false,false,false,false,false,true,true,false,false,false,true,false,русский
17,1,Болотное,evr,false,false,false,false,false,true,true,false,false,false,true,false,русский
17,1,Болотное,evr,false,false,false,false,false,true,true,false,false,false,true,false,русский
16,1,Болотное,evr,false,false,false,false,false,true,true,false,false,false,true,false,русский
32,2,Хандыга,mon,false,false,false,true,false,true,false,false,false,false,true,false,эвенк
21,1,Хандыга,mon,false,false,false,true,false,true,false,false,false,false,true,false,эвенк
19,1,Хандыга,mon,false,false,false,true,false,true,false,false,false,false,true,false,эвенк
18,2,Хандыга,mon,false,false,false,true,false,true,false,false,false,false,true,false,эвенк
18,2,Хандыга,mon,false,false,false,true,false,true,false,false,false,false,true,false,эвенк
19,2,Хандыга,mon,false,false,false,true,false,true,false,false,false,false,true,false,эвенк
16,2,Болотное,evr,false,false,false,false,false,true,false,false,false,false,true,false,русский
16,2,Болотное,evr,false,false,false,false,false,true,false,false,false,false,true,false,русский
16,2,Болотное,evr,false,false,false,false,false,true,true,false,false,false,true,false,русский
17,2,Болотное,evr,false,false,false,false,false,true,true,false,false,false,true,false,русский
16,2,Болотное,evr,false,false,false,false,false,true,false,false,false,false,true,false,русский
16,2,Болотное,evr,false,false,false,false,false,false,true,false,false,false,true,false,русский
16,1,Болотное,evr,false,false,false,false,false,true,false,false,false,false,true,false,русский
15,2,Болотное,evr,false,false,false,false,false,false,false,false,false,false,true,false,русский
16,1,Болотное,evr,false,false,false,false,false,true,true,false,false,false,true,false,русский
16,2,Болотное,evr,false,false,false,false,false,true,true,false,false,false,true,false,русский
16,2,Болотное,evr,false,false,false,false,false,true,false,false,false,false,true,false,русский
15,1,Болотное,evr,false,false,false,false,false,true,true,false,false,false,true,false,русский
16,2,Болотное,evr,false,false,false,false,false,true,true,false,false,false,true,false,русский
17,2,Болотное,evr,false,false,false,false,false,true,false,false,false,false,true,false,русский
16,2,Болотное,evr,false,false,false,false,false,true,false,false,false,false,true,false,русский
14,2,Болотное,evr,false,false,false,false,false,true,false,false,false,false,true,false,русский
28,1,Байкал_медитатор,evr,false,true,false,false,true,true,false,false,false,false,true,false,русский
42,1,Байкал_медитатор,evr,false,false,false,false,true,true,false,false,false,false,true,false,русский
46,1,Байкал_медитатор,evr,false,false,false,false,true,true,false,false,false,false,true,false,русский
35,1,Байкал_медитатор,evr,false,false,false,false,true,true,false,false,false,false,true,false,русский
28,1,Байкал_медитатор,evr,false,false,false,false,true,true,false,false,false,false,true,false,русский
32,1,Байкал_медитатор,evr,false,false,false,false,true,true,false,false,false,false,true,false,русский
49,1,Байкал_медитатор,evr,false,false,false,false,true,true,false,false,false,false,true,false,русский
45,1,Байкал_медитатор,evr,false,false,false,false,true,true,false,false,false,false,true,false,татарин
38,1,Байкал_медитатор,evr,false,false,false,false,true,true,false,false,false,false,true,false,русский
52,1,Байкал_медитатор,evr,false,false,false,false,true,true,false,false,false,false,true,false,русский
39,2,Байкал_медитатор,evr,false,true,false,false,true,true,false,false,false,false,true,false,русский
26,1,Новосибирск,evr,false,false,true,false,false,true,false,false,false,false,true,false,русский
24,1,Хандыга,mon,false,false,false,false,false,true,false,false,false,false,true,false,эвенк
47,2,Байкал_медитатор,evr,false,true,false,false,true,true,false,false,false,false,true,false,осетин
82,2,Байкал_медитатор,mon,false,false,false,false,false,true,false,false,false,false,true,false,калмык
72,2,Байкал_медитатор,mon,false,false,false,false,true,true,false,false,false,false,true,false,калмык
59,2,Байкал_медитатор,mon,false,true,false,false,false,false,false,false,false,false,true,false,калмык
18,2,Новосибирск,evr,false,false,false,true,false,true,true,false,false,false,true,false,украинец
19,2,Новосибирск,evr,false,false,false,true,true,true,false,true,true,true,true,false,украинец
35,1,Байкал_медитатор,mon,false,false,false,false,true,true,false,false,false,false,true,false,бурят
21,1,Новосибирск,mon,false,false,false,true,true,false,false,true,false,true,true,false,бурят
18,1,Хандыга,mon,false,false,false,true,false,true,false,false,false,false,true,false,якут
27,1,Хандыга,mon,false,false,false,false,false,false,false,false,false,false,true,false,якут
20,1,Хандыга,mon,false,false,false,false,false,false,false,false,false,false,true,false,якут
18,1,Хандыга,mon,false,false,false,true,false,true,false,false,false,false,true,false,якут
18,1,Хандыга,mon,false,false,false,true,false,true,false,false,false,false,true,false,якут
30,2,Байкал_медитатор,mon,false,false,false,false,false,true,false,false,false,false,true,false,хакас
35,2,Байкал_медитатор,evr,false,false,false,false,true,true,false,false,false,false,true,false,хакас
35,2,Байкал_медитатор,evr,false,false,false,false,true,true,false,false,false,false,true,false,хакас
18,2,Новосибирск,evr,false,false,true,false,false,true,false,false,false,false,true,true,грузин
38,2,Болотное,evr,false,false,false,false,false,true,true,false,false,false,true,false,немец
22,1,Новосибирск,evr,true,false,false,true,true,true,true,false,true,false,true,false,немец
14,2,Болотное,evr,false,false,false,false,false,true,false,false,false,false,true,false,татарин
13,2,Болотное,evr,false,false,false,false,false,true,false,false,false,false,true,false,украинец
18,1,Хандыга,mon,false,false,false,true,false,true,false,false,false,false,true,false,якут
19,1,Хандыга,mon,false,false,false,true,false,true,false,false,false,false,true,false,якут
18,1,Хандыга,mon,false,false,false,true,false,true,false,false,false,false,true,false,якут
23,1,Хандыга,mon,false,false,false,true,false,true,false,false,false,false,true,false,якут
18,1,Хандыга,mon,false,false,false,true,false,true,false,false,false,false,true,false,якут
17,1,Хандыга,mon,false,false,false,false,false,true,false,false,false,false,true,false,якут
21,1,Хандыга,mon,false,false,false,false,false,true,false,false,false,false,true,false,якут
25,1,Хандыга,mon,false,false,false,true,false,true,false,false,false,false,true,false,якут
21,1,Хандыга,mon,false,false,false,false,false,true,false,false,false,false,true,false,якут
18,2,Хандыга,mon,false,false,false,true,false,true,false,false,false,false,true,false,якут
19,2,Якутск,mon,false,false,false,false,false,false,false,false,false,false,true,false,якут
33,2,Болотное,evr,false,false,false,false,false,true,false,false,false,false,true,false,русский
27,2,Болотное,evr,false,false,false,false,false,true,false,false,false,false,true,false,русский
30,2,Болотное,evr,false,false,false,false,false,true,false,false,false,false,true,false,русский
22,2,Болотное,evr,false,false,false,false,false,true,true,false,false,false,true,false,русский
49,2,Болотное,evr,false,false,false,false,false,true,true,false,false,false,true,false,русский
48,2,Болотное,evr,false,false,false,false,false,true,false,false,false,false,true,false,русский
40,2,Болотное,evr,false,false,false,false,false,true,true,false,false,false,true,false,русский
38,2,Болотное,evr,false,false,false,false,false,true,false,false,false,false,true,false,русский
52,2,Болотное,evr,false,false,false,false,false,true,true,false,false,false,true,false,русский
38,2,Болотное,evr,false,false,false,false,false,true,true,false,false,false,true,false,русский
24,2,Болотное,evr,false,false,false,false,false,true,true,false,false,false,true,false,русский
34,2,Болотное,evr,false,false,false,false,false,true,false,false,false,false,true,false,русский
22,2,Болотное,evr,false,false,false,false,false,true,true,false,false,false,true,false,русский
13,2,Новосибирск,evr,false,false,true,false,false,false,false,false,false,false,true,false,русский
54,2,Болотное,evr,false,false,false,false,false,true,false,false,false,false,true,false,русский
17,2,Болотное,evr,false,false,false,false,false,true,false,false,false,false,true,false,русский
17,1,Болотное,evr,false,false,false,false,false,true,true,false,false,false,true,false,русский
17,2,Болотное,evr,false,false,false,false,false,true,true,false,false,false,true,false,русский
17,2,Болотное,evr,false,false,false,false,false,true,true,false,false,false,true,false,русский
22,2,Новосибирск,evr,false,false,true,false,false,true,false,false,false,false,true,true,русский
53,1,Байкал_медитатор,mon,false,false,false,false,true,true,false,false,false,false,true,false,тувинец
21,1,Кызыл,mon,false,false,false,false,true,true,false,false,false,false,true,false,тувинец
21,2,Кызыл,mon,false,false,false,false,false,true,false,false,false,false,true,false,тувинец
23,2,Кызыл,mon,false,false,false,false,false,true,false,false,false,false,true,false,тувинец
21,2,Кызыл,mon,false,false,false,false,true,true,false,false,false,false,true,false,тувинец
24,2,Кызыл,mon,false,false,false,false,true,true,false,false,false,false,true,false,тувинец
21,2,Кызыл,mon,false,false,false,false,true,true,false,false,false,false,true,false,тувинец
21,2,Кызыл,mon,false,false,false,false,true,true,false,false,false,false,true,false,тувинец
21,1,Кызыл,mon,false,false,false,false,true,true,false,false,false,false,true,false,тувинец
21,1,Кызыл,mon,false,false,false,false,true,true,false,false,false,false,true,false,тувинец
21,2,Кызыл,mon,false,false,false,false,true,true,false,false,false,false,true,false,тувинец
23,2,Кызыл,mon,false,false,false,false,true,true,false,false,false,false,true,false,тувинец
23,2,Кызыл,mon,false,false,false,false,true,true,false,false,false,false,true,false,тувинец
24,1,Кызыл,mon,false,false,false,false,false,true,false,false,false,false,true,false,тувинец
24,1,Кызыл,mon,false,false,false,false,false,true,false,false,false,false,true,false,тувинец
22,1,Кызыл,mon,false,false,false,false,false,true,false,false,false,false,true,false,тувинец
24,1,Кызыл,mon,false,false,false,false,true,true,false,false,false,false,true,false,тувинец
24,1,Кызыл,mon,false,false,false,false,true,true,false,false,false,false,true,false,тувинец
21,1,Кызыл,mon,false,false,false,false,true,true,false,false,false,false,true,false,тувинец
21,1,Кызыл,mon,false,false,false,false,true,true,false,false,false,false,true,false,тувинец
28,2,Кызыл,mon,false,false,false,false,true,true,false,false,false,false,true,false,тувинец
28,2,Кызыл,mon,false,false,false,false,true,true,false,false,false,false,true,false,тувинец
18,2,Кызыл,mon,false,false,false,false,true,true,false,false,false,false,true,false,тувинец
19,1,Кызыл,mon,false,false,false,false,true,true,false,false,false,false,true,false,тувинец
19,1,Кызыл,mon,false,false,false,false,true,true,false,false,false,false,true,false,тувинец
18,1,Кызыл,mon,false,false,false,false,false,true,false,false,false,false,true,false,тувинец
18,1,Кызыл,mon,false,false,false,false,true,true,false,false,false,false,true,false,тувинец
20,1,Кызыл,mon,false,false,false,false,false,true,false,false,false,false,true,false,тувинец
23,1,Кызыл,mon,false,false,false,false,false,true,false,false,false,false,true,false,тувинец
18,1,Кызыл,mon,false,false,false,false,true,true,false,false,false,false,true,false,тувинец
18,1,Кызыл,mon,false,false,false,false,true,true,false,false,false,false,true,false,тувинец
19,1,Кызыл,mon,false,false,false,false,true,true,false,false,false,false,true,false,тувинец
19,1,Кызыл,mon,false,false,false,false,true,true,false,false,false,false,true,false,тувинец
24,2,Кызыл,mon,false,false,false,false,false,true,false,false,false,false,true,false,тувинец
19,2,Кызыл,mon,false,false,false,false,false,true,false,false,false,false,true,false,тувинец
21,1,Новосибирск,evr,false,false,false,true,true,true,false,false,true,true,true,false,еврей
29,1,Новосибирск,evr,false,false,false,true,true,true,true,true,true,false,true,false,украинец
19,2,Новосибирск,evr,false,false,false,true,true,true,true,true,false,true,true,false,украинец
14,2,Болотное,evr,false,false,false,false,false,true,false,false,false,false,true,false,русский
19,2,Кызыл,mon,false,false,false,false,true,true,false,false,false,false,true,false,тувинец
23,1,Кызыл,mon,false,false,false,false,false,false,false,false,false,false,true,false,тувинец
23,1,Кызыл,mon,false,false,false,false,true,true,false,false,false,false,true,false,тувинец
24,1,Кызыл,mon,false,false,false,false,true,true,false,false,false,false,true,false,тувинец
19,1,Кызыл,mon,false,false,false,false,true,true,false,false,false,false,true,false,тувинец
21,2,Кызыл,mon,false,false,false,false,false,true,false,false,false,false,true,false,тувинец
21,2,Кызыл,mon,false,false,false,false,true,true,false,false,false,false,true,false,тувинец
21,2,Кызыл,mon,false,false,false,false,true,true,false,false,false,false,true,false,тувинец
23,1,Кызыл,mon,false,false,false,false,true,true,false,false,false,false,true,false,тувинец
23,1,Кызыл,mon,false,false,false,false,true,true,false,false,false,false,true,false,тувинец
19,1,Кызыл,mon,false,false,false,false,true,true,false,false,false,false,true,false,тувинец
19,1,Кызыл,mon,false,false,false,false,false,false,false,false,false,false,true,false,тувинец
24,1,Кызыл,mon,false,false,false,false,true,true,false,false,false,false,true,false,тувинец
24,1,Кызыл,mon,false,false,false,false,false,true,false,false,false,false,true,false,тувинец
18,2,Кызыл,mon,false,false,false,false,true,true,false,false,false,false,true,false,тувинец
19,2,Кызыл,mon,false,false,false,false,true,true,false,false,false,false,true,false,тувинец
18,1,Кызыл,mon,false,false,false,false,true,true,false,false,false,false,true,false,тувинец
17,2,Кызыл,mon,false,false,false,false,true,true,false,false,false,false,true,false,тувинец
21,1,Кызыл,mon,false,false,false,false,false,true,false,false,false,false,true,false,тувинец
20,2,Кызыл,mon,false,false,false,false,true,true,false,false,false,false,true,false,тувинец
21,2,Кызыл,mon,false,false,false,false,false,true,false,false,false,false,true,false,тувинец
19,1,Кызыл,mon,false,false,false,false,true,true,false,false,false,false,true,false,тувинец
20,1,Кызыл,mon,false,false,false,false,true,true,false,false,false,false,true,false,тувинец
20,2,Кызыл,mon,false,false,false,false,true,true,false,false,false,false,true,false,тувинец
19,2,Кызыл,mon,false,false,false,false,true,true,false,false,false,false,true,false,тувинец
21,2,Кызыл,mon,false,false,false,false,false,false,false,false,false,false,true,false,тувинец
22,2,Кызыл,mon,false,false,false,false,true,true,false,false,false,false,true,false,тувинец
21,2,Кызыл,mon,false,false,false,false,false,true,false,false,false,false,true,false,тувинец
21,2,Кызыл,mon,false,false,false,false,true,true,false,false,false,false,true,false,тувинец
23,2,Кызыл,mon,false,false,false,false,false,true,false,false,false,false,true,false,тувинец
19,2,Кызыл,mon,false,false,false,false,true,true,false,false,false,false,true,false,тувинец
19,2,Кызыл,mon,false,false,false,false,true,true,false,false,false,false,true,false,тувинец
17,1,Кызыл,mon,false,false,false,false,true,true,false,false,false,false,true,false,тувинец
23,1,Кызыл,mon,false,false,false,false,true,true,false,false,false,false,true,false,тувинец
24,1,Кызыл,mon,false,false,false,false,true,true,false,false,false,false,true,false,тувинец
23,1,Кызыл,mon,false,false,false,false,false,true,false,false,false,false,true,false,тувинец
20,1,Кызыл,mon,false,false,false,false,true,true,false,false,false,false,true,false,тувинец
26,1,Кызыл,mon,false,false,false,false,true,false,false,false,false,false,true,false,тувинец
18,1,Кызыл,mon,false,false,false,false,true,true,false,false,false,false,true,false,тувинец
18,1,Кызыл,mon,false,false,false,false,true,true,false,false,false,false,true,false,тувинец
19,1,Кызыл,mon,false,false,false,false,true,true,false,false,false,false,true,false,тувинец
24,2,Кызыл,mon,false,false,false,false,true,true,false,false,false,false,true,false,тувинец
19,1,Кызыл,mon,false,false,false,false,true,true,false,false,false,false,true,false,тувинец
18,1,Кызыл,mon,false,false,false,false,true,true,false,false,false,false,true,false,тувинец
22,2,Кызыл,mon,false,false,false,false,true,true,false,false,false,false,true,false,тувинец
34,2,Новосибирск,mon,false,false,false,true,true,true,true,true,true,false,true,false,тувинец
18,1,Якутск,mon,false,false,false,false,true,true,false,false,false,false,true,false,якут
17,2,Якутск,mon,false,false,false,true,true,true,false,true,true,false,true,false,якут
18,2,Якутск,mon,false,false,false,true,true,true,true,false,false,false,true,false,якут
17,2,Якутск,mon,false,false,false,false,false,true,false,true,false,false,true,false,якут
18,2,Якутск,mon,false,false,false,false,true,true,false,false,false,false,true,false,якут
18,2,Якутск,mon,false,false,false,true,true,true,false,false,false,false,true,false,якут
21,2,Якутск,mon,false,false,false,true,true,true,false,false,false,false,true,false,якут
18,2,Якутск,mon,false,false,false,true,true,true,true,true,false,false,true,false,якут
18,2,Якутск,mon,false,false,false,true,true,true,true,false,false,false,true,false,якут
18,2,Якутск,mon,false,false,false,true,true,true,true,true,false,false,true,false,якут
18,2,Якутск,mon,false,false,false,true,true,true,false,false,false,false,true,false,якут
19,2,Якутск,mon,false,false,false,false,true,true,false,false,true,false,true,false,якут
17,2,Якутск,mon,false,false,false,false,false,true,true,true,false,false,true,false,якут
18,2,Якутск,mon,false,false,false,true,true,true,true,false,false,false,true,false,якут
21,1,Якутск,mon,false,false,false,true,true,true,true,false,true,false,true,false,якут
18,1,Якутск,mon,false,false,false,false,true,true,false,false,false,false,true,false,якут
19,2,Якутск,mon,false,false,false,true,true,true,false,true,true,false,true,false,якут
20,2,Якутск,mon,false,false,false,true,true,true,true,false,false,false,true,false,якут
19,2,Якутск,mon,false,false,false,false,true,true,false,false,false,false,true,false,якут
30,2,Хандыга,mon,false,false,false,true,false,true,false,false,false,false,true,false,якут
19,2,Якутск,mon,false,false,false,true,true,true,false,false,true,false,true,false,якут
19,2,Якутск,mon,false,false,false,false,true,true,true,false,true,false,true,false,якут
19,2,Якутск,mon,false,false,false,true,true,true,true,false,false,false,true,false,якут
19,2,Якутск,mon,false,false,false,true,true,true,false,false,false,false,true,false,якут
19,2,Якутск,mon,false,false,false,true,true,true,true,false,false,false,true,false,якут
19,2,Якутск,mon,false,false,false,false,true,true,true,false,false,false,true,false,якут
19,2,Якутск,mon,false,false,false,true,true,true,true,false,true,false,true,false,якут
18,2,Якутск,mon,false,true,false,true,false,true,false,false,false,false,true,false,якут
19,2,Якутск,mon,false,false,false,true,true,true,true,false,false,false,true,false,якут
20,1,Якутск,mon,false,false,false,true,true,true,true,true,true,false,true,false,якут
19,1,Якутск,mon,false,false,false,true,false,true,true,false,false,false,true,false,якут
18,1,Якутск,mon,false,false,false,true,true,true,true,false,false,false,true,false,якут
23,1,Якутск,mon,false,false,false,true,true,false,true,false,true,false,true,false,якут
19,1,Якутск,mon,false,false,false,true,true,true,false,true,false,false,true,false,якут
18,1,Якутск,mon,false,false,false,true,true,true,true,false,false,false,true,false,якут
22,1,Якутск,mon,false,true,false,true,true,true,true,false,false,false,true,false,якут
22,1,Якутск,mon,false,false,false,true,false,true,true,false,true,false,true,false,якут
19,1,Якутск,mon,false,false,false,true,true,true,false,true,false,false,true,false,якут
19,1,Якутск,mon,false,false,false,true,true,true,false,false,true,false,true,false,якут
23,1,Якутск,mon,false,false,false,true,true,true,true,false,true,false,true,false,якут
19,2,Якутск,mon,false,false,false,true,false,true,false,false,false,false,true,false,якут
43,1,Якутск,mon,false,false,false,true,true,true,false,false,true,false,true,false,якут
21,2,Якутск,mon,false,false,false,true,true,true,false,false,true,false,true,false,якут
17,2,Якутск,mon,false,false,false,true,true,true,false,false,true,false,true,false,якут
22,2,Якутск,mon,false,false,false,false,true,true,false,false,true,false,true,false,якут
19,1,Якутск,mon,false,false,false,true,true,true,true,true,false,false,true,false,якут
19,1,Якутск,mon,false,true,false,true,true,true,true,false,true,false,true,false,якут
19,1,Якутск,mon,false,false,false,true,true,true,false,false,true,false,true,false,якут
18,1,Якутск,mon,false,false,false,false,true,true,false,false,false,false,true,false,якут
19,1,Якутск,mon,false,true,false,false,true,true,false,false,false,false,true,false,якут
16,2,Болотное,evr,false,false,false,false,false,true,true,false,false,false,true,false,русский
16,2,Болотное,evr,false,false,false,false,false,true,true,false,false,false,true,false,русский
16,2,Болотное,evr,false,false,false,false,false,true,true,false,false,false,true,false,русский
28,1,Байкал_медитатор,mon,false,false,false,false,false,false,false,false,false,false,true,false,калмык
20,1,Новосибирск,evr,false,false,false,false,false,false,false,false,false,false,true,false,украинец
18,2,Новосибирск,evr,false,false,false,false,false,false,false,false,false,false,true,false,грузин
51,1,Байкал_медитатор,mon,false,false,false,false,false,false,false,false,false,false,true,false,бурят
18,1,Новосибирск,mon,false,false,false,false,false,false,false,false,false,false,true,false,казах
30,1,Байкал_медитатор,mon,false,false,false,false,false,false,false,false,false,false,true,false,хакас
56,1,Байкал_медитатор,mon,false,false,false,false,false,false,false,false,false,false,true,false,тибетец
40,1,Байкал_медитатор,evr,false,false,false,false,false,false,false,false,false,false,true,false,башкир
22,2,Новосибирск,evr,false,false,false,true,true,true,true,true,true,false,true,false,русский
21,1,Новосибирск,evr,false,false,false,true,true,true,true,false,false,true,true,false,русский
20,1,Новосибирск,evr,false,false,false,true,true,true,true,false,true,true,true,false,русский
24,1,Новосибирск,evr,false,false,false,true,true,true,true,true,true,true,true,false,русский
20,1,Новосибирск,evr,false,false,false,false,false,false,false,false,false,false,true,false,армянин
24,1,Новосибирск,evr,false,false,false,true,false,true,true,true,true,true,true,false,русский
24,1,Новосибирск,evr,false,false,false,true,true,true,true,false,true,false,true,false,русский
21,1,Новосибирск,evr,false,false,false,false,false,true,true,false,false,true,true,false,русский
61,2,Новосибирск,evr,false,false,false,true,true,true,true,false,false,false,true,false,русский
19,2,Новосибирск,evr,false,false,false,true,true,true,false,false,true,true,true,false,русский
23,1,Новосибирск,evr,false,false,false,false,false,false,false,false,false,false,true,false,русский
41,1,Новосибирск,evr,false,false,false,false,false,false,false,false,false,false,true,false,русский
30,1,Байкал_медитатор,mon,false,false,false,false,false,false,false,false,false,false,true,false,тувинец
18,1,Новосибирск,mon,false,false,false,true,true,true,true,false,false,true,true,false,тувинец
19,1,Хандыга,mon,false,false,false,true,false,true,false,false,false,false,true,false,эвенк
17,1,Хандыга,mon,false,false,false,false,false,false,false,false,false,false,true,false,эвенк
24,2,Хандыга,mon,false,false,false,true,false,true,false,false,false,false,true,false,эвенк
20,1,Новосибирск,evr,false,false,false,false,false,false,false,false,false,false,true,false,русский
18,1,Новосибирск,evr,false,false,false,false,false,false,false,false,false,false,true,false,русский
35,1,Байкал_медитатор,evr,false,false,false,false,false,false,false,false,false,false,true,false,русский
28,1,Байкал_медитатор,evr,false,false,false,false,false,false,false,false,false,false,true,false,русский
35,1,Байкал_медитатор,evr,false,false,false,false,false,false,false,false,false,false,true,false,русский
40,1,Байкал_медитатор,evr,false,false,false,false,false,false,false,false,false,false,true,false,русский
17,2,Новосибирск,evr,false,false,false,true,true,false,true,false,true,false,true,false,русский
57,1,Новосибирск,evr,false,false,false,false,false,false,false,false,false,false,true,false,украинец
27,1,Новосибирск,mon,false,false,false,false,false,false,false,false,false,false,true,false,бурят
19,1,Новосибирск,evr,false,false,false,false,false,false,false,false,false,false,true,false,поляк
47,1,Новосибирск,mon,false,false,false,false,false,false,false,false,false,false,true,false,казах
38,2,Новосибирск,evr,false,false,false,false,false,false,false,false,false,false,true,false,кореец
20,1,Новосибирск,evr,false,false,false,false,false,false,false,false,false,false,true,false,русский
18,1,Новосибирск,evr,false,false,false,false,false,false,false,false,false,false,true,false,русский
39,1,Новосибирск,evr,false,false,false,false,false,false,false,false,false,false,true,false,русский
48,1,Новосибирск,evr,false,false,false,false,false,false,false,false,false,false,true,false,русский
22,1,Новосибирск,evr,false,false,false,false,false,false,false,false,false,false,true,false,русский
23,1,Новосибирск,evr,false,false,false,false,false,false,false,false,false,false,true,false,русский
18,1,Новосибирск,evr,false,false,false,false,false,false,false,false,false,false,true,false,русский
18,1,Новосибирск,evr,false,false,false,false,false,false,false,false,false,false,true,false,русский
20,1,Новосибирск,evr,false,false,false,false,false,false,false,false,false,false,true,false,русский
20,1,Новосибирск,evr,false,false,false,false,false,false,false,false,false,false,true,false,русский
23,1,Новосибирск,evr,false,false,false,false,false,false,false,false,false,false,true,false,русский
51,1,Новосибирск,evr,false,false,false,false,false,false,false,false,false,false,true,false,русский
42,1,Новосибирск,evr,false,false,false,false,false,false,false,false,false,false,true,false,русский
24,1,Новосибирск,evr,false,false,false,true,false,true,false,false,true,false,true,false,русский
27,2,Новосибирск,evr,false,false,false,true,true,true,true,false,true,true,true,false,русский
32,1,Новосибирск,evr,false,false,false,true,false,true,true,true,true,true,true,false,русский
27,1,Новосибирск,evr,false,false,false,true,false,false,true,false,false,false,true,false,русский
25,2,Новосибирск,evr,false,false,false,true,true,true,true,false,false,false,true,false,русский
21,2,Новосибирск,evr,false,false,false,true,true,true,false,false,false,false,true,false,русский
44,1,Новосибирск,evr,false,false,false,false,false,false,false,false,false,false,true,false,немец
38,2,Новосибирск,evr,false,false,true,false,false,true,false,false,false,false,true,false,русский
24,1,Новосибирск,evr,false,false,false,true,true,true,true,false,true,false,true,false,русский
21,1,Новосибирск,evr,false,false,false,true,true,true,false,true,false,false,true,false,русский
19,2,Новосибирск,evr,false,false,false,false,true,true,false,true,false,true,true,false,русский
33,1,Новосибирск,evr,false,false,false,true,true,true,false,true,true,true,true,false,русский
21,2,Новосибирск,evr,false,false,false,true,true,true,false,true,true,false,true,false,русский
28,1,Новосибирск,evr,false,false,false,true,true,true,true,true,false,true,true,false,русский
30,1,Новосибирск,evr,false,false,false,true,false,true,true,false,false,false,true,false,русский
38,2,Новосибирск,evr,false,false,false,true,true,true,true,true,true,false,true,false,русский
26,2,Новосибирск,evr,false,false,false,true,true,true,false,true,true,false,true,false,русский
18,2,Новосибирск,evr,false,false,false,true,false,false,true,false,false,false,true,false,русский
33,2,Новосибирск,evr,false,false,false,true,true,true,true,false,false,true,true,false,русский
34,2,Новосибирск,evr,false,false,false,true,true,false,true,false,false,true,true,false,русский
22,1,Новосибирск,evr,false,false,false,true,false,true,false,false,false,true,true,false,русский
30,1,Новосибирск,evr,false,false,false,true,true,false,false,false,false,false,true,false,русский
21,2,Новосибирск,evr,false,false,false,true,false,true,false,true,true,false,true,false,русский
30,2,Новосибирск,evr,false,false,false,true,true,false,true,false,false,true,true,false,русский
32,2,Новосибирск,evr,false,false,false,true,true,true,false,false,false,true,true,false,русский
35,1,Новосибирск,evr,false,false,false,true,true,true,false,true,true,false,true,false,русский
40,1,Байкал_медитатор,evr,false,false,false,false,true,false,false,false,false,false,true,false,русский
39,1,Байкал_медитатор,evr,false,false,false,false,true,true,false,false,false,false,true,false,русский
40,1,Байкал_медитатор,evr,false,true,false,false,true,true,false,false,false,false,true,false,русский
19,2,Новосибирск,evr,false,false,false,true,true,true,true,false,false,false,true,false,русский
19,2,Новосибирск,evr,false,false,false,true,true,true,true,true,false,true,true,false,русский
23,2,Новосибирск,evr,false,false,false,true,false,true,false,true,true,true,true,false,русский
20,1,Новосибирск,evr,false,false,false,false,false,true,true,true,false,true,true,false,русский
24,2,Новосибирск,evr,false,false,false,false,true,true,true,false,false,true,true,false,русский
19,1,Новосибирск,evr,false,false,false,false,false,false,false,false,false,false,true,false,русский
24,1,Новосибирск,evr,true,false,false,true,false,true,false,false,true,true,true,false,русский
20,2,Новосибирск,evr,true,false,false,true,true,true,true,false,false,false,true,false,русский
28,2,Новосибирск,evr,true,false,false,true,true,true,true,true,false,true,true,false,русский
24,1,Новосибирск,evr,false,false,false,false,true,true,true,true,false,false,true,false,русский
24,2,Новосибирск,evr,false,false,false,true,true,true,false,true,true,true,true,false,русский
26,2,Новосибирск,evr,false,false,false,true,true,true,false,true,true,false,true,false,русский
22,2,Новосибирск,evr,false,false,false,true,true,false,false,true,true,false,true,false,русский
22,1,Новосибирск,evr,false,false,false,true,true,false,false,true,false,false,true,false,русский
33,1,Байкал_медитатор,mon,false,false,false,false,true,true,false,false,false,false,true,false,бурят
26,1,Байкал_медитатор,mon,false,false,false,false,true,true,false,false,false,false,true,false,тувинец
25,1,Новосибирск,evr,false,false,false,true,true,true,false,false,true,false,true,false,русский
19,1,Новосибирск,evr,false,false,false,true,true,true,true,false,false,true,true,false,украинец
19,1,Новосибирск,evr,false,false,false,true,true,true,true,true,false,false,true,false,украинец
48,1,Байкал_медитатор,mon,false,false,false,false,true,true,false,false,false,false,true,false,бурят
53,1,Байкал_медитатор,mon,false,false,false,false,true,true,false,false,false,false,true,false,бурят
31,1,Новосибирск,mon,false,false,false,true,true,true,false,false,true,true,true,false,бурят
30,1,Байкал_медитатор,evr,false,false,false,false,true,true,false,false,false,false,true,false,русский
45,1,Байкал_медитатор,evr,false,false,false,false,true,true,false,false,false,false,true,false,русский
40,1,Байкал_медитатор,evr,false,false,false,false,true,true,false,false,false,false,true,false,русский
51,1,Новосибирск,evr,false,false,false,false,true,false,true,false,true,true,true,false,русский
25,1,Новосибирск,evr,false,false,false,true,true,false,true,true,false,false,true,false,русский
25,2,Новосибирск,evr,false,false,false,true,false,true,true,true,true,false,true,false,русский
20,2,Новосибирск,evr,false,false,false,true,true,true,true,false,false,false,true,false,русский
18,2,Новосибирск,evr,false,false,false,true,false,true,true,true,true,false,true,false,русский
19,2,Новосибирск,evr,true,false,false,true,true,true,false,true,false,false,true,false,русский
22,2,Новосибирск,evr,true,false,false,true,true,true,true,true,false,false,true,false,русский
21,1,Новосибирск,evr,true,false,false,true,true,true,false,true,false,true,true,false,русский
31,2,Новосибирск,evr,true,false,false,true,false,false,false,false,true,true,true,false,русский
21,1,Новосибирск,evr,true,false,false,true,true,false,true,false,true,false,true,false,русский
23,2,Новосибирск,evr,true,false,false,true,true,true,true,true,false,true,true,false,русский
20,1,Новосибирск,evr,true,false,false,true,true,false,false,true,true,true,true,false,русский
31,1,Байкал_медитатор,mon,false,false,false,false,true,true,false,false,false,false,true,false,хакас
36,1,Байкал_медитатор,evr,false,false,false,false,true,true,false,false,false,false,true,false,серб
57,1,Новосибирск,evr,false,false,false,true,true,true,false,false,true,true,true,false,украинец
20,1,Новосибирск,evr,false,false,false,true,true,true,true,false,true,false,true,false,украинец
19,1,Новосибирск,evr,false,false,false,true,true,false,false,true,true,true,true,false,украинец
20,1,Новосибирск,evr,false,false,false,true,false,true,false,false,false,true,true,false,армянин
20,1,Новосибирск,evr,false,false,false,true,true,true,true,false,true,true,true,false,русский
19,1,Новосибирск,evr,false,false,false,true,true,false,false,false,false,true,true,false,русский
18,1,Новосибирск,evr,false,false,false,true,true,true,false,false,false,true,true,false,русский
42,1,Новосибирск,evr,false,false,false,true,true,true,true,true,false,true,true,false,русский
20,1,Новосибирск,evr,false,false,false,true,true,true,true,false,false,false,true,false,русский
19,1,Новосибирск,evr,false,false,false,true,true,true,false,false,false,false,true,false,русский
36,2,Байкал_медитатор,evr,false,false,false,false,false,false,false,false,false,false,true,false,русский
40,2,Байкал_медитатор,evr,false,false,false,false,false,false,false,false,false,false,true,false,русский
35,2,Байкал_медитатор,evr,false,false,false,false,false,false,false,false,false,false,true,false,русский
24,1,Новосибирск,evr,false,false,false,true,true,true,false,true,true,false,true,false,русский
19,1,Новосибирск,evr,true,false,false,true,true,false,true,true,true,true,true,false,русский
20,1,Новосибирск,evr,false,false,false,true,true,true,false,true,false,true,true,false,русский
19,1,Новосибирск,evr,false,false,false,true,false,true,false,false,true,false,true,false,украинец
44,2,Байкал_медитатор,mon,false,false,false,false,true,true,false,false,false,false,true,false,бурят
59,2,Байкал_медитатор,mon,false,false,false,false,true,true,false,false,false,false,true,false,бурят
66,2,Байкал_медитатор,mon,false,false,false,false,false,true,false,false,false,false,true,false,бурят
37,2,Байкал_медитатор,mon,false,false,false,false,true,true,false,false,false,false,true,false,бурят
66,2,Байкал_медитатор,mon,false,false,false,false,true,true,false,false,false,false,true,false,бурят
58,2,Байкал_медитатор,mon,false,false,false,false,true,true,false,false,false,false,true,false,бурят
60,1,Новосибирск,evr,false,false,false,false,false,false,false,false,false,false,true,false,русский
37,1,Новосибирск,evr,false,false,false,false,false,false,false,false,false,false,true,false,русский
34,1,Новосибирск,evr,false,false,false,false,false,false,false,false,false,false,true,false,русский
33,1,Новосибирск,evr,false,false,false,false,false,false,false,false,false,false,true,false,русский
41,2,Байкал_медитатор,evr,false,false,false,false,false,true,false,false,false,false,true,false,русский
46,2,Байкал_медитатор,evr,false,true,false,false,true,true,false,false,false,false,true,false,русский
29,1,Новосибирск,evr,false,false,false,false,false,false,false,false,false,false,true,false,русский
23,1,Кызыл,mon,false,false,false,false,false,false,false,false,false,false,true,false,тувинец
23,1,Кызыл,mon,false,false,false,false,true,true,false,false,false,false,true,false,тувинец
24,1,Кызыл,mon,false,false,false,false,false,false,false,false,false,false,true,false,тувинец
23,1,Кызыл,mon,false,false,false,false,true,true,false,false,false,false,true,false,тувинец
23,1,Кызыл,mon,false,false,false,false,true,true,false,false,false,false,true,false,тувинец
33,2,Хандыга,evr,false,false,false,true,false,true,false,false,false,false,true,false,украинец
16,2,Болотное,evr,false,false,false,false,false,true,true,false,false,false,true,false,украинец
16,2,Болотное,evr,false,false,false,false,false,true,false,false,false,false,true,false,украинец
33,1,Новосибирск,evr,false,false,false,false,false,false,false,false,false,false,true,false,русский
32,1,Новосибирск,evr,false,false,false,false,false,false,false,false,false,false,true,false,русский
34,1,Новосибирск,evr,false,false,false,false,false,false,false,false,false,false,true,false,русский
36,1,Новосибирск,evr,false,false,false,false,false,false,false,false,false,false,true,false,русский
35,1,Новосибирск,evr,false,false,false,false,false,false,false,false,false,false,true,false,русский
34,1,Новосибирск,evr,false,false,false,false,false,false,false,false,false,false,true,false,русский
35,1,Новосибирск,evr,false,false,false,false,false,false,false,false,false,false,true,false,русский
34,1,Новосибирск,evr,false,false,false,false,false,false,false,false,false,false,true,false,русский
21,1,Новосибирск,evr,false,false,false,true,true,true,true,true,false,true,true,false,русский
41,1,Новосибирск,evr,false,false,false,true,false,true,false,false,true,true,true,false,русский
20,1,Новосибирск,evr,false,false,false,true,true,true,true,true,false,true,true,false,русский
18,2,Новосибирск,evr,false,false,false,true,true,false,true,false,true,true,true,false,русский
20,1,Новосибирск,evr,false,false,false,true,true,true,false,false,false,false,true,false,русский
52,1,Новосибирск,evr,false,false,false,true,false,false,true,true,false,false,true,false,русский
19,1,Новосибирск,evr,false,false,false,true,true,false,true,false,true,false,true,false,русский
18,1,Новосибирск,evr,false,false,false,true,true,true,true,false,false,true,true,false,русский
20,1,Новосибирск,evr,false,false,false,true,true,false,false,true,false,true,true,false,русский
20,1,Новосибирск,evr,false,false,false,true,true,true,false,true,false,true,true,false,русский
19,1,Новосибирск,evr,false,false,false,false,true,true,false,false,true,false,true,false,русский
24,1,Новосибирск,evr,false,false,false,true,false,false,false,true,true,true,true,false,русский
19,1,Новосибирск,evr,false,false,false,true,true,true,false,true,false,true,true,false,русский
45,1,Новосибирск,evr,false,false,false,true,true,true,false,true,true,true,true,false,русский
20,1,Новосибирск,evr,false,false,false,true,false,true,true,false,false,true,true,false,русский
19,1,Новосибирск,evr,false,false,false,true,true,false,false,false,false,false,true,false,русский
19,1,Новосибирск,evr,false,false,false,true,true,true,false,false,true,true,true,false,русский
19,1,Новосибирск,evr,false,false,false,true,true,true,true,false,true,false,true,false,русский
37,2,Новосибирск,evr,false,false,false,true,false,true,false,true,false,false,true,false,русский
41,1,Новосибирск,evr,false,false,false,true,true,true,false,false,false,true,true,false,русский
24,1,Новосибирск,evr,false,false,false,true,true,true,true,true,true,true,true,false,русский
18,1,Новосибирск,evr,false,false,false,false,false,false,true,true,true,true,true,false,русский
40,1,Новосибирск,evr,false,false,false,true,true,true,false,true,false,false,true,false,русский
18,1,Новосибирск,evr,false,false,false,true,true,true,true,true,true,false,true,false,русский
27,1,Новосибирск,evr,false,false,false,true,true,true,false,true,true,false,true,false,русский
27,2,Новосибирск,evr,true,false,false,false,false,false,false,false,false,false,true,false,русский
24,2,Новосибирск,evr,false,false,false,false,false,false,false,false,false,false,true,false,русский
22,2,Новосибирск,evr,false,false,false,false,false,false,false,false,false,false,true,false,русский
18,2,Новосибирск,evr,false,false,false,false,false,false,false,false,false,false,true,false,русский
18,2,Новосибирск,evr,false,false,false,false,false,false,false,false,false,false,true,false,русский
18,2,Новосибирск,evr,true,false,false,false,false,false,false,false,false,false,true,false,русский
19,2,Новосибирск,evr,true,false,false,false,false,false,false,false,false,false,true,false,русский
22,2,Новосибирск,evr,false,false,false,false,false,false,false,false,false,false,true,false,русский
19,2,Новосибирск,evr,false,false,false,false,false,false,false,false,false,false,true,false,русский
21,2,Новосибирск,evr,false,false,false,false,false,false,false,false,false,false,true,false,русский
30,2,Новосибирск,evr,false,false,false,false,false,false,false,false,false,false,true,false,русский
22,2,Новосибирск,evr,false,false,false,false,false,false,false,false,false,false,true,false,русский
21,2,Новосибирск,evr,false,false,false,false,false,false,false,false,false,false,true,false,русский
21,2,Новосибирск,evr,false,false,false,false,false,false,false,false,false,false,true,false,русский
27,2,Новосибирск,evr,false,false,false,false,false,false,false,false,false,false,true,false,русский
23,2,Новосибирск,evr,false,false,false,false,false,false,false,false,false,false,true,false,русский
24,2,Новосибирск,evr,false,false,false,false,false,false,false,false,false,false,true,false,русский
27,2,Новосибирск,evr,false,false,false,false,false,false,false,false,false,false,true,false,русский
52,2,Новосибирск,evr,false,false,false,false,false,false,false,false,false,false,true,false,русский
50,2,Новосибирск,evr,false,false,false,false,false,false,false,false,false,false,true,false,русский
29,2,Новосибирск,evr,false,false,false,false,false,false,false,false,false,false,true,false,русский
36,2,Новосибирск,evr,false,false,false,false,false,false,false,false,false,false,true,false,русский
41,2,Новосибирск,evr,false,false,false,false,false,false,false,false,false,false,true,false,русский
32,2,Новосибирск,evr,false,false,false,false,false,false,false,false,false,false,true,false,русский
31,2,Новосибирск,evr,false,false,false,false,false,false,false,false,false,false,true,false,русский
47,2,Новосибирск,evr,false,false,false,false,false,false,false,false,false,false,true,false,русский
45,2,Новосибирск,evr,false,false,false,false,false,false,false,false,false,false,true,false,русский
37,2,Новосибирск,evr,false,false,false,false,false,false,false,false,false,false,true,false,русский
44,2,Новосибирск,evr,false,false,false,false,false,false,false,false,false,false,true,false,русский
35,2,Новосибирск,evr,false,false,false,false,false,false,false,false,false,false,true,false,русский
23,2,Новосибирск,evr,false,false,false,false,false,false,false,false,false,false,true,false,русский
21,2,Новосибирск,evr,false,false,false,false,false,false,false,false,false,false,true,false,русский
33,2,Новосибирск,evr,false,false,false,true,true,true,false,false,true,false,true,false,русский
23,2,Новосибирск,evr,false,false,false,true,false,true,false,true,false,false,true,false,русский
19,2,Новосибирск,evr,false,false,false,true,true,true,true,false,true,true,true,false,русский
19,2,Новосибирск,evr,false,false,false,true,true,true,false,true,false,true,true,false,русский
20,2,Новосибирск,evr,false,false,false,true,true,true,false,false,false,false,true,false,русский
23,2,Новосибирск,evr,false,false,false,false,false,true,true,true,false,false,true,false,русский
38,2,Новосибирск,evr,false,false,false,true,true,true,true,true,true,false,true,false,русский
31,2,Новосибирск,evr,false,false,false,true,true,true,true,false,true,true,true,false,русский
21,2,Новосибирск,evr,false,false,false,true,false,true,false,false,false,true,true,false,русский
19,2,Новосибирск,evr,false,false,false,true,true,true,false,true,false,true,true,false,русский
32,2,Новосибирск,evr,false,false,false,false,true,true,false,false,true,false,true,false,русский
26,2,Новосибирск,evr,false,false,false,false,true,true,false,true,true,true,true,false,русский
23,2,Новосибирск,evr,false,false,false,true,true,true,true,true,false,false,true,false,русский
18,2,Новосибирск,evr,true,false,false,true,true,true,true,false,false,true,true,false,русский
25,2,Новосибирск,evr,false,false,false,false,true,true,true,true,true,true,true,false,русский
20,2,Новосибирск,evr,false,false,false,true,false,true,false,false,false,true,true,false,русский
22,2,Новосибирск,evr,false,false,false,false,true,false,true,false,true,true,true,false,русский
19,2,Новосибирск,evr,false,false,false,false,true,true,false,true,true,true,true,false,русский
35,2,Новосибирск,evr,false,false,false,false,true,false,false,true,false,false,true,false,русский
20,2,Новосибирск,evr,false,false,false,true,true,true,false,false,true,true,true,false,русский
23,2,Новосибирск,evr,false,false,false,true,true,true,false,false,true,false,true,false,русский
20,2,Новосибирск,evr,false,false,false,true,true,true,false,true,true,false,true,false,русский
23,1,Новосибирск,evr,false,false,false,true,true,true,false,false,true,true,true,false,таджик
46,1,Новосибирск,evr,false,false,false,false,false,false,false,true,false,false,true,false,русский
24,2,Новосибирск,evr,false,false,false,false,false,false,false,false,false,false,true,false,украинец
21,2,Новосибирск,evr,false,false,true,false,false,true,false,false,false,false,true,false,русский
13,2,Новосибирск,evr,false,false,true,false,false,true,false,false,false,false,true,false,русский
19,1,Новосибирск,evr,false,false,false,false,false,true,false,false,false,false,true,false,русский
38,2,Новосибирск,evr,false,false,true,false,false,true,false,false,false,false,true,false,русский
21,2,Новосибирск,evr,false,false,true,false,false,true,false,false,false,false,true,false,русский
23,1,Новосибирск,evr,false,false,true,false,false,false,false,false,false,false,true,true,русский
17,2,Новосибирск,evr,false,false,false,false,false,true,false,false,false,false,true,false,русский
25,1,Новосибирск,evr,false,false,true,false,false,true,false,false,false,false,true,false,украинец
19,2,Новосибирск,evr,false,false,true,false,false,true,false,false,false,false,true,false,русский
19,1,Новосибирск,evr,false,false,true,false,false,false,false,false,false,false,true,false,украинец
24,2,Новосибирск,evr,false,false,false,false,false,true,false,false,false,false,true,false,русский
20,1,Новосибирск,evr,false,false,true,false,false,true,false,false,false,false,true,false,русский
20,2,Новосибирск,evr,false,false,false,false,false,false,false,false,false,false,true,false,еврей
20,2,Новосибирск,evr,false,false,false,false,false,true,false,false,false,false,true,true,таджик
20,2,Новосибирск,evr,false,false,false,false,false,false,false,false,false,false,true,false,русский
13,2,Новосибирск,evr,false,false,false,false,false,true,false,false,false,false,true,false,татарин
33,2,Новосибирск,evr,false,false,false,false,false,true,false,false,false,false,true,false,русский
19,1,Новосибирск,evr,false,false,true,false,false,true,false,false,false,false,true,false,русский
20,2,Новосибирск,evr,false,false,false,false,false,false,false,false,false,false,true,false,русский
44,2,Новосибирск,evr,false,false,true,false,false,true,false,false,false,false,true,false,русский
23,2,Новосибирск,evr,false,false,true,false,false,false,false,false,false,false,true,false,русский
24,2,Новосибирск,evr,false,false,false,false,false,true,false,false,false,false,true,false,русский
18,1,Новосибирск,evr,false,false,true,false,false,true,false,false,false,false,true,true,русский
48,1,Новосибирск,evr,false,false,false,false,false,true,false,false,false,false,true,false,русский
16,2,Новосибирск,evr,false,false,true,false,false,true,false,false,false,false,true,false,русский
19,2,Новосибирск,evr,false,false,false,true,true,false,false,true,false,false,true,false,украинец
22,2,Новосибирск,evr,false,false,false,true,false,true,true,true,true,true,true,false,грузин
20,1,Новосибирск,mon,false,false,false,true,true,true,true,false,true,true,true,false,якут
20,1,Новосибирск,mon,true,false,false,true,true,true,true,false,true,false,true,false,якут
24,1,Новосибирск,evr,false,false,true,false,false,true,false,false,false,false,true,true,русский
12,2,Новосибирск,evr,false,false,true,false,false,true,false,false,false,false,true,false,русский
19,2,Новосибирск,evr,false,false,false,false,false,true,false,false,false,false,true,false,русский
13,1,Новосибирск,evr,false,false,false,false,false,true,false,false,false,false,true,false,русский
12,2,Новосибирск,evr,false,false,true,false,false,true,false,false,false,false,true,false,русский
43,2,Новосибирск,evr,false,false,false,false,false,true,false,false,false,false,true,true,русский
19,2,Новосибирск,evr,false,false,false,false,false,true,false,false,false,false,true,true,татарин
20,1,Новосибирск,evr,false,false,true,false,false,true,false,false,false,false,true,false,армянин
28,2,Новосибирск,evr,false,false,true,false,false,false,false,false,false,false,true,true,русский
35,1,Новосибирск,evr,false,false,true,false,false,true,false,false,false,false,true,true,русский
36,1,Новосибирск,evr,false,false,true,false,false,true,false,false,false,false,true,false,русский
19,2,Новосибирск,evr,false,false,true,false,false,false,false,false,false,false,true,true,авар
21,2,Новосибирск,evr,false,false,true,false,false,true,false,false,false,false,true,false,русский
15,1,Новосибирск,evr,false,false,false,false,false,true,false,false,false,false,true,false,русский
31,1,Новосибирск,mon,false,false,true,false,false,true,false,false,false,false,true,true,бурят
27,1,Новосибирск,evr,false,false,true,false,false,true,false,false,false,false,true,false,украинец
18,1,Новосибирск,evr,false,false,true,false,false,true,false,false,false,false,true,false,татарин
18,2,Новосибирск,evr,true,false,false,false,false,false,false,false,false,false,true,false,еврей
18,2,Новосибирск,evr,false,false,false,false,false,false,false,false,false,false,true,false,русский
19,1,Новосибирск,evr,false,false,false,false,false,true,false,false,false,false,true,true,русский
23,1,Новосибирск,evr,false,false,true,false,false,true,false,false,false,false,true,false,русский
32,1,Новосибирск,evr,false,false,true,false,false,true,false,false,false,false,true,false,русский
34,1,Новосибирск,evr,false,false,true,false,false,true,false,false,false,false,true,true,русский
16,1,Новосибирск,evr,false,false,false,false,false,true,false,false,false,false,true,false,русский
20,1,Новосибирск,evr,false,false,false,false,false,true,false,false,false,false,true,true,русский
19,2,Новосибирск,evr,false,false,true,false,false,true,false,false,false,false,true,false,русский
29,2,Новосибирск,evr,false,false,true,false,false,true,false,false,false,false,true,false,русский
14,1,Новосибирск,evr,false,false,false,false,false,true,false,false,false,false,true,false,русский
14,2,Новосибирск,evr,false,false,false,false,false,false,false,false,false,false,true,false,русский
19,2,Новосибирск,evr,false,false,true,false,false,true,false,false,false,false,true,false,русский
34,1,Новосибирск,evr,false,false,true,false,false,true,false,false,false,false,true,false,русский
52,2,Новосибирск,evr,false,false,false,false,false,true,false,false,false,false,true,false,русский
38,2,Новосибирск,mon,false,false,true,false,false,true,false,false,false,false,true,true,кореец
41,2,Новосибирск,evr,false,false,true,false,false,true,false,false,false,false,true,false,русский
29,2,Новосибирск,evr,false,false,false,false,false,true,false,false,false,false,true,true,русский
20,1,Новосибирск,evr,false,false,true,false,false,false,false,false,false,false,true,true,еврей
29,1,Новосибирск,evr,false,false,true,false,false,true,false,false,false,false,true,false,русский
32,2,Новосибирск,evr,false,false,false,false,false,true,false,false,false,false,true,true,русский
24,2,Новосибирск,evr,false,false,false,false,false,false,false,false,false,false,true,false,татарин
14,2,Новосибирск,evr,false,false,true,false,false,true,false,false,false,false,true,false,русский
18,2,Новосибирск,evr,false,false,false,false,false,false,false,false,false,false,true,true,русский
19,1,Новосибирск,evr,false,false,true,false,false,true,false,false,false,false,true,false,русский
19,2,Новосибирск,evr,false,false,false,false,false,true,false,false,false,false,true,false,еврей
27,2,Новосибирск,evr,false,false,false,false,false,false,false,false,false,false,true,false,русский
20,1,Новосибирск,evr,false,false,false,false,false,true,false,false,false,false,true,false,русский
37,2,Новосибирск,evr,false,false,true,false,false,true,false,false,false,false,true,false,русский
35,2,Новосибирск,evr,false,false,true,false,false,false,false,false,false,false,true,false,русский
31,2,Новосибирск,evr,false,false,false,false,false,true,false,false,false,false,true,false,русский
19,2,Новосибирск,evr,false,false,true,false,false,true,false,false,false,false,true,false,русский
19,2,Новосибирск,evr,false,false,false,false,false,true,false,false,false,false,true,false,русский
19,1,Новосибирск,evr,false,false,false,true,true,true,true,true,false,true,true,false,еврей
35,1,Новосибирск,evr,false,false,false,false,false,false,false,false,false,false,true,false,украинец
24,2,Новосибирск,evr,false,false,false,false,false,false,false,false,false,false,true,false,украинец
41,2,Новосибирск,evr,false,false,false,false,false,false,false,false,false,false,true,false,украинец
18,2,Новосибирск,mon,false,false,false,true,false,true,false,false,false,true,true,false,казах
53,1,Новосибирск,mon,false,false,false,false,false,false,false,false,false,false,true,false,якут
28,2,Новосибирск,evr,false,false,false,false,true,true,false,false,false,false,true,false,якут
19,2,Новосибирск,evr,false,false,true,false,false,true,false,false,false,false,true,false,русский
15,1,Новосибирск,mon,false,false,true,false,false,true,false,false,false,false,true,true,кореец
20,2,Новосибирск,evr,false,false,true,false,false,true,false,false,false,false,true,false,русский
21,2,Новосибирск,evr,false,false,false,false,false,false,false,false,false,false,true,false,русский
19,1,Новосибирск,evr,false,false,true,false,false,true,false,false,false,false,true,false,русский
14,1,Новосибирск,evr,false,false,true,false,false,true,false,false,false,false,true,false,чеченец
23,2,Новосибирск,evr,false,false,true,false,false,true,false,false,false,false,true,false,русский
53,1,Новосибирск,evr,false,false,true,false,false,true,false,false,false,false,true,true,русский
13,1,Новосибирск,evr,false,false,true,false,false,true,false,false,false,false,true,false,русский
21,2,Новосибирск,evr,false,false,false,false,false,true,false,false,false,false,true,false,русский
36,2,Новосибирск,evr,false,false,false,false,false,true,false,false,false,false,true,false,немец
39,1,Новосибирск,evr,false,false,true,false,false,true,false,false,false,false,true,false,русский
20,1,Новосибирск,evr,false,false,true,false,false,true,false,false,false,false,true,true,русский
31,1,Новосибирск,evr,false,false,false,false,false,true,false,false,false,false,true,true,таджик
13,2,Новосибирск,evr,false,false,false,false,false,true,false,false,false,false,true,false,немец
19,2,Новосибирск,evr,false,false,true,false,false,true,false,false,false,false,true,false,украинец
13,2,Новосибирск,evr,false,false,true,false,false,true,false,false,false,false,true,true,русский
34,1,Новосибирск,evr,false,false,false,false,false,false,false,false,false,false,true,false,русский
23,2,Новосибирск,evr,false,false,false,false,false,true,false,false,false,false,true,false,русский
16,2,Новосибирск,evr,false,false,false,false,false,true,false,false,false,false,true,true,русский
18,2,Новосибирск,evr,false,false,true,false,false,true,false,false,false,false,true,false,татарин
42,1,Новосибирск,evr,false,false,false,false,false,true,false,false,false,false,true,false,русский
14,2,Новосибирск,evr,false,false,false,false,false,true,false,false,false,false,true,false,русский
19,1,Новосибирск,evr,false,false,false,false,false,false,false,false,false,false,true,false,русский
21,1,Новосибирск,evr,false,false,true,false,false,true,false,false,false,false,true,false,русский
18,1,Новосибирск,evr,false,false,true,false,false,true,false,false,false,false,true,false,русский
19,2,Новосибирск,evr,false,false,true,false,false,true,false,false,false,false,true,true,украинец
47,2,Новосибирск,evr,false,false,true,false,false,false,false,false,false,false,true,true,русский
35,1,Новосибирск,evr,false,false,true,false,false,true,false,false,false,false,true,false,украинец
17,1,Новосибирск,evr,false,false,true,false,false,true,false,false,false,false,true,false,русский
19,1,Новосибирск,evr,false,false,false,false,false,true,false,false,false,false,true,false,русский
19,2,Новосибирск,evr,false,false,false,false,false,true,false,false,false,false,true,false,русский
36,2,Новосибирск,evr,false,false,true,false,false,true,false,false,false,false,true,false,русский
18,1,Новосибирск,evr,false,false,true,false,false,false,false,false,false,false,true,false,русский
25,1,Новосибирск,evr,false,false,false,false,false,true,false,false,false,false,true,true,русский
19,2,Новосибирск,evr,false,false,false,false,false,true,false,false,false,false,true,false,русский
33,1,Новосибирск,evr,false,false,true,false,false,true,false,false,false,false,true,false,русский
32,2,Новосибирск,evr,false,false,false,false,false,true,false,false,false,false,true,false,русский
19,2,Новосибирск,mon,false,false,false,false,false,true,false,false,false,false,true,true,бурят
22,1,Новосибирск,evr,false,false,true,false,false,false,false,false,false,false,true,false,русский
24,1,Новосибирск,evr,false,false,true,false,false,true,false,false,false,false,true,false,русский
22,2,Новосибирск,evr,false,false,true,false,false,false,false,false,false,false,true,true,русский
18,2,Новосибирск,evr,false,false,true,false,false,true,false,false,false,false,true,false,русский
22,2,Новосибирск,evr,false,false,true,false,false,true,false,false,false,false,true,false,русский
18,2,Новосибирск,evr,false,false,true,false,false,false,false,false,false,false,true,false,русский
14,1,Новосибирск,evr,false,false,true,false,false,true,false,false,false,false,true,false,русский
19,1,Новосибирск,evr,false,false,false,false,false,false,false,false,false,false,true,false,русский
18,2,Новосибирск,evr,false,false,true,false,false,true,false,false,false,false,true,false,русский
20,2,Новосибирск,evr,false,false,false,false,false,true,false,false,false,false,true,true,русский
18,2,Новосибирск,evr,false,false,false,false,false,true,false,false,false,false,true,false,русский
20,2,Новосибирск,evr,false,false,true,false,false,false,false,false,false,false,true,false,русский
22,2,Новосибирск,evr,false,false,false,false,false,false,false,false,false,false,true,true,русский
19,2,Новосибирск,evr,false,false,true,false,false,false,false,false,false,false,true,true,русский
18,2,Новосибирск,evr,false,false,false,false,false,true,false,false,false,false,true,true,русский
49,2,Новосибирск,evr,false,false,false,true,true,true,false,true,true,false,true,false,еврей
21,2,Новосибирск,evr,false,false,false,true,true,true,true,true,false,true,true,false,еврей
21,2,Новосибирск,evr,false,false,false,true,true,true,true,false,false,false,true,false,еврей
19,2,Новосибирск,evr,false,false,false,true,true,true,false,true,false,true,true,false,еврей
21,2,Новосибирск,evr,false,false,false,false,true,true,false,false,true,true,true,false,украинец
21,1,Новосибирск,evr,false,false,false,true,true,true,true,true,false,false,true,false,русский
30,2,Новосибирск,evr,false,false,false,true,true,true,false,true,false,false,true,false,русский
18,2,Новосибирск,evr,false,false,false,false,false,false,false,false,false,false,true,false,русский
19,2,Новосибирск,evr,false,false,false,false,false,false,false,false,false,false,true,false,русский
22,2,Новосибирск,evr,false,false,false,false,false,false,false,false,false,false,true,false,русский
21,1,Якутск,evr,false,false,false,false,false,false,false,false,false,false,true,false,таджик
20,1,Якутск,mon,false,false,false,false,false,false,false,false,false,false,true,false,таджик
20,1,Якутск,evr,false,false,false,false,false,false,false,false,false,false,true,false,таджик
18,1,Якутск,evr,false,false,false,false,false,false,false,false,false,false,true,false,таджик
20,1,Якутск,evr,false,false,false,false,false,false,false,false,false,false,true,false,таджик
21,1,Якутск,evr,false,false,false,false,false,false,false,false,false,false,true,false,таджик
27,1,Якутск,evr,false,false,false,false,false,false,false,false,false,false,true,false,индонезиец
18,1,Якутск,evr,false,false,false,false,false,false,false,false,false,false,true,false,таджик
22,1,Якутск,evr,false,false,false,false,false,false,false,false,false,false,true,false,таджик
26,1,Якутск,evr,false,false,false,false,false,false,false,false,false,false,true,false,таджик
23,1,Якутск,evr,false,false,false,false,false,false,false,false,false,false,true,false,афганец
23,1,Якутск,evr,false,false,false,false,false,false,false,false,false,false,true,false,йеменеец
24,1,Якутск,negr,false,false,false,false,false,false,false,false,false,false,true,false,замбиец
28,1,Якутск,evr,false,false,false,false,false,false,false,false,false,false,true,false,перуанец
25,1,Якутск,mon,false,false,false,false,false,false,false,false,false,false,true,false,кыргыз
24,1,Якутск,evr,false,false,false,false,false,false,false,false,false,false,true,false,кыргыз
19,1,Якутск,mon,false,false,false,false,false,false,false,false,false,false,true,false,кыргыз
26,1,Якутск,mon,false,false,false,false,false,false,false,false,false,false,true,false,кыргыз
21,1,Якутск,mon,false,false,false,false,false,false,false,false,false,false,true,false,кыргыз
19,1,Якутск,evr,false,false,false,false,false,false,false,false,false,false,true,false,египтянин
23,1,Якутск,evr,false,false,false,false,false,false,false,false,false,false,true,false,египтянин
19,1,Якутск,evr,false,false,false,false,false,false,false,false,false,false,true,false,туркмен
21,1,Якутск,mon,false,false,false,false,false,false,false,false,false,false,true,false,казах
23,1,Якутск,evr,false,false,false,false,false,false,false,false,false,false,true,false,египтянин
28,1,Якутск,evr,false,false,false,false,false,false,false,false,false,false,true,false,египтянин
18,1,Якутск,evr,false,false,false,false,false,false,false,false,false,false,true,false,таджик
20,1,Якутск,evr,false,false,false,false,false,false,false,false,false,false,true,false,таджик
22,1,Якутск,evr,false,false,false,false,false,false,false,false,false,false,true,false,таджик
18,1,Якутск,evr,false,false,false,false,false,false,false,false,false,false,true,false,таджик
19,1,Якутск,evr,false,false,false,false,false,false,false,false,false,false,true,false,таджик
17,1,Якутск,evr,false,false,false,false,false,false,false,false,false,false,true,false,таджик
22,1,Якутск,evr,false,false,false,false,false,false,false,false,false,false,true,false,таджик
20,1,Якутск,evr,false,false,false,false,false,false,false,false,false,false,true,false,таджик
19,1,Якутск,evr,false,false,false,false,false,false,false,false,false,false,true,false,таджик
28,1,Якутск,evr,false,false,false,false,false,false,false,false,false,false,true,false,туркмен
18,1,Якутск,evr,false,false,false,false,false,false,false,false,false,false,true,false,таджик
18,1,Якутск,evr,false,false,false,false,false,false,false,false,false,false,true,false,таджик
19,1,Якутск,evr,false,false,false,false,false,false,false,false,false,false,true,false,таджик
19,1,Якутск,evr,false,false,false,false,false,false,false,false,false,false,true,false,таджик
21,2,Новосибирск,evr,false,false,false,false,false,false,false,false,false,false,true,false,русский
21,2,Новосибирск,evr,false,false,false,true,false,true,true,false,true,true,true,false,татарин
24,2,Новосибирск,evr,false,false,false,true,true,false,false,false,true,false,true,false,татарин
20,2,Новосибирск,evr,false,false,false,true,true,true,false,true,true,true,true,false,татарин
18,1,Новосибирск,evr,false,false,false,true,true,true,false,true,true,true,true,false,татарин
18,2,Хандыга,mon,false,false,false,true,false,true,false,false,false,false,true,false,якут
20,2,Хандыга,mon,false,false,false,true,false,true,false,false,false,false,true,false,якут
34,2,Хандыга,mon,false,false,false,true,false,true,false,false,false,false,true,false,якут
21,2,Хандыга,mon,false,false,false,true,false,true,false,false,false,false,true,false,якут
37,2,Хандыга,mon,false,false,false,true,false,true,false,false,false,false,true,false,якут
30,2,Хандыга,mon,false,false,false,true,false,true,false,false,false,false,true,false,якут
22,2,Хандыга,mon,false,false,false,true,false,true,false,false,false,false,true,false,якут
40,2,Хандыга,mon,false,false,false,true,false,true,false,false,false,false,true,false,якут
27,2,Хандыга,mon,false,false,false,true,false,true,false,false,false,false,true,false,якут
23,2,Хандыга,mon,false,false,false,true,false,false,false,false,false,false,true,false,якут
32,1,Новосибирск,evr,false,false,false,true,false,true,false,false,false,false,true,false,украинец
34,1,Новосибирск,evr,false,false,false,false,true,true,true,true,false,true,true,false,украинец
42,1,Новосибирск,evr,false,false,false,true,true,true,false,false,false,false,true,false,украинец
37,2,Байкал_медитатор,mon,false,false,false,false,false,true,false,false,false,false,true,false,калмык
24,1,Кызыл,mon,false,false,false,false,false,true,false,false,false,false,true,false,тувинец
23,1,Кызыл,mon,false,false,false,false,false,true,false,false,false,false,true,false,тувинец
21,1,Кызыл,mon,false,false,false,false,false,true,false,false,false,false,true,false,тувинец
18,1,Кызыл,mon,false,false,false,false,true,true,false,false,false,false,true,false,тувинец
22,1,Кызыл,mon,false,false,false,false,true,true,false,false,false,false,true,false,тувинец
22,1,Кызыл,mon,false,false,false,false,true,true,false,false,false,false,true,false,тувинец
29,1,Кызыл,mon,false,false,false,false,true,true,false,false,false,false,true,false,тувинец
24,1,Кызыл,mon,false,false,false,false,true,true,false,false,false,false,true,false,тувинец
26,1,Кызыл,mon,false,false,false,false,true,true,false,false,false,false,true,false,тувинец
25,1,Кызыл,mon,false,false,false,false,true,true,false,false,false,false,true,false,тувинец
18,1,Кызыл,mon,false,false,false,false,true,true,false,false,false,false,true,false,тувинец
19,1,Новосибирск,mon,false,false,false,false,true,true,true,true,false,false,true,false,бурят
29,2,Новосибирск,evr,false,false,false,false,false,false,false,false,false,false,true,false,англичанин
26,2,Кызыл,mon,false,false,false,false,false,true,false,false,false,false,true,false,тувинец
26,2,Кызыл,mon,false,false,false,false,false,true,false,false,false,false,true,false,тувинец
19,2,Кызыл,mon,false,false,false,false,true,true,false,false,false,false,true,false,тувинец
36,1,Новосибирск,evr,false,false,false,false,false,false,false,false,false,false,true,false,русский
22,1,Новосибирск,evr,false,false,false,false,false,false,false,false,false,false,true,false,русский
19,2,Новосибирск,evr,false,false,false,false,false,false,false,false,false,false,true,false,русский
18,2,Новосибирск,evr,false,false,false,false,true,true,false,false,false,false,true,false,русский
19,2,Новосибирск,evr,false,false,false,true,true,true,false,true,false,true,true,false,русский
21,1,Новосибирск,evr,false,false,false,true,true,true,true,true,false,true,true,false,русский
20,2,Новосибирск,evr,false,false,false,false,false,true,true,false,false,true,true,false,русский
21,1,Новосибирск,evr,false,false,false,true,true,true,false,true,false,true,true,false,русский
20,2,Новосибирск,evr,false,false,false,true,false,true,true,false,true,true,true,false,русский
20,2,Новосибирск,evr,false,false,false,true,true,true,true,false,true,true,true,false,русский
22,1,Новосибирск,evr,false,false,false,false,false,false,false,false,false,false,true,false,русский
21,2,Новосибирск,evr,false,false,false,false,true,true,true,true,true,true,true,false,русский
16,1,Болотное,evr,false,false,false,false,false,true,false,false,false,false,true,false,русский
25,1,Новосибирск,evr,false,false,false,false,true,true,true,false,false,false,true,false,русский
24,1,Новосибирск,evr,false,false,false,true,true,true,false,false,true,true,true,false,русский
20,2,Новосибирск,evr,false,false,false,true,true,true,false,false,false,false,true,false,русский
28,2,Новосибирск,evr,false,false,false,false,false,true,false,false,true,true,true,false,русский
24,1,Новосибирск,evr,true,false,false,true,true,false,false,true,true,true,true,false,русский
24,2,Новосибирск,evr,true,false,false,true,true,true,false,false,true,false,true,false,русский
26,2,Новосибирск,evr,true,false,false,false,true,true,false,false,true,true,true,false,русский
21,2,Новосибирск,evr,true,false,false,false,true,true,false,true,true,false,true,false,русский
22,2,Новосибирск,evr,true,false,false,true,true,true,true,true,true,false,true,false,русский
22,1,Новосибирск,evr,true,false,false,true,true,true,false,true,true,true,true,false,русский
25,1,Новосибирск,evr,true,false,false,true,true,true,true,true,true,false,true,false,русский
21,2,Новосибирск,evr,true,false,false,false,true,true,true,true,false,true,true,false,русский
20,2,Новосибирск,evr,false,false,false,true,true,true,false,false,false,false,true,false,русский
18,2,Новосибирск,evr,false,false,false,false,true,true,false,true,false,true,true,false,русский
22,2,Новосибирск,evr,false,false,false,true,true,true,true,false,false,false,true,false,русский
21,1,Новосибирск,evr,false,false,false,true,true,true,false,true,true,false,true,false,русский
19,2,Новосибирск,evr,false,false,false,true,true,true,false,false,true,true,true,false,русский
21,2,Новосибирск,evr,false,false,false,true,true,true,false,false,true,true,true,false,русский
27,2,Новосибирск,evr,false,false,false,true,true,true,true,false,true,true,true,false,русский
56,2,Байкал_медитатор,evr,false,false,false,false,true,false,false,false,false,false,true,false,русский
38,2,Новосибирск,evr,false,false,false,true,false,true,true,false,true,false,true,false,русский
21,2,Новосибирск,evr,false,false,false,false,false,true,false,false,false,true,true,false,русский
21,2,Новосибирск,evr,false,false,false,false,false,false,false,true,false,true,true,false,русский
21,2,Новосибирск,evr,false,false,false,false,true,true,false,true,false,false,true,false,русский
21,2,Новосибирск,evr,false,false,false,false,true,true,false,true,false,true,true,false,русский
21,2,Новосибирск,evr,false,false,false,true,true,true,false,false,true,true,true,false,русский
23,1,Новосибирск,evr,false,false,false,false,true,true,true,false,false,false,true,false,русский
21,2,Новосибирск,evr,false,false,false,true,true,true,true,false,false,false,true,false,русский
21,1,Новосибирск,evr,false,false,false,true,false,true,true,true,false,true,true,false,русский
21,1,Новосибирск,evr,false,false,false,true,true,true,true,false,true,true,true,false,русский
20,2,Новосибирск,evr,false,false,false,true,true,false,false,false,true,false,true,false,русский
19,1,Новосибирск,evr,false,false,false,true,true,true,false,true,true,true,true,false,русский
40,1,Новосибирск,evr,false,false,false,true,true,true,false,false,true,false,true,false,русский
20,2,Новосибирск,evr,false,false,false,true,true,true,false,false,true,true,true,false,русский
18,1,Новосибирск,evr,false,false,false,true,true,false,false,true,false,true,true,false,русский
19,2,Новосибирск,evr,false,false,false,true,true,true,true,false,true,true,true,false,русский
20,1,Новосибирск,evr,false,false,false,true,true,true,false,false,true,false,true,false,русский
18,2,Новосибирск,evr,true,false,false,false,true,true,true,false,false,true,true,false,русский
19,2,Новосибирск,evr,false,false,false,true,true,true,false,false,true,false,true,false,русский
24,1,Новосибирск,evr,false,false,false,true,false,true,false,true,true,true,true,false,русский
24,1,Новосибирск,evr,true,false,false,true,true,true,false,true,true,false,true,false,русский
21,1,Новосибирск,evr,false,false,false,true,false,true,false,true,false,false,true,false,русский
31,2,Новосибирск,evr,false,false,false,true,true,false,false,true,false,false,true,false,русский
21,1,Новосибирск,evr,false,false,false,true,true,true,false,false,false,false,true,false,русский
23,2,Новосибирск,evr,false,false,false,true,false,true,false,true,true,false,true,false,русский
20,1,Новосибирск,evr,false,false,false,true,true,false,false,false,false,false,true,false,русский
20,2,Новосибирск,evr,false,false,false,true,false,true,false,false,false,false,true,false,русский
20,1,Новосибирск,evr,false,false,false,true,true,true,false,true,true,true,true,false,русский
21,2,Новосибирск,evr,false,false,false,true,false,true,false,true,false,false,true,false,русский
20,2,Новосибирск,evr,false,false,false,false,true,true,true,true,false,true,true,false,русский
20,2,Новосибирск,evr,false,false,false,true,true,false,true,false,false,true,true,false,русский
21,2,Новосибирск,evr,false,false,false,true,false,true,false,false,false,false,true,false,русский
20,2,Новосибирск,evr,false,false,false,true,true,true,false,true,false,true,true,false,русский
21,2,Новосибирск,evr,false,false,false,true,true,true,true,false,false,false,true,false,русский
20,2,Новосибирск,evr,false,false,false,false,false,false,true,true,true,true,true,false,русский
21,2,Новосибирск,evr,false,false,false,true,true,true,false,false,false,false,true,false,русский
21,2,Новосибирск,evr,false,false,false,true,false,true,true,true,true,true,true,false,русский
49,1,Байкал_медитатор,evr,false,true,false,false,true,false,false,false,false,false,true,false,русский
22,2,Новосибирск,evr,false,false,false,true,true,true,false,false,true,true,true,false,русский
21,1,Новосибирск,evr,false,false,false,true,true,true,true,true,true,false,true,false,русский
20,1,Новосибирск,evr,false,false,false,true,true,true,false,false,false,false,true,false,русский
20,1,Новосибирск,evr,false,false,false,false,false,false,false,false,false,false,true,false,русский
21,2,Новосибирск,evr,false,false,false,true,true,true,false,false,true,true,true,false,русский
20,2,Новосибирск,evr,false,false,false,true,false,true,true,true,true,false,true,false,русский
21,2,Новосибирск,evr,false,false,false,true,true,true,false,false,false,true,true,false,русский
22,1,Новосибирск,evr,false,false,false,true,true,true,false,true,false,true,true,false,русский
24,2,Новосибирск,evr,false,false,false,true,true,false,false,true,true,true,true,false,русский
24,2,Новосибирск,evr,false,false,false,true,true,true,false,true,false,true,true,false,русский
23,2,Новосибирск,evr,false,false,false,true,false,true,true,true,false,false,true,false,русский
24,2,Новосибирск,evr,false,false,false,true,false,true,false,true,true,true,true,false,русский
19,1,Новосибирск,evr,false,false,false,true,true,true,false,false,true,true,true,false,русский
20,1,Новосибирск,evr,false,false,false,true,true,true,false,true,false,true,true,false,русский
49,1,Новосибирск,evr,false,false,false,true,true,true,false,false,false,false,true,false,русский
19,1,Новосибирск,evr,false,false,false,true,true,true,true,false,true,true,true,false,русский
19,1,Новосибирск,evr,false,false,false,true,false,false,false,true,true,false,true,false,русский
20,1,Новосибирск,evr,false,false,false,true,true,true,true,false,true,true,true,false,русский
24,2,Новосибирск,evr,true,false,false,true,false,true,true,true,true,true,true,false,русский
19,2,Новосибирск,evr,true,false,false,true,true,true,true,true,false,false,true,false,русский
19,1,Новосибирск,evr,false,false,false,false,false,true,false,false,false,false,true,false,русский
26,2,Новосибирск,evr,false,false,false,true,true,true,false,false,true,true,true,false,русский
24,1,Новосибирск,evr,false,false,false,true,true,true,false,true,true,false,true,false,русский
24,2,Новосибирск,evr,false,false,false,true,true,true,true,false,false,true,true,false,русский
25,2,Новосибирск,evr,false,false,false,true,true,true,false,false,false,true,true,false,русский
48,1,Новосибирск,evr,false,false,false,true,false,true,false,false,false,false,true,false,русский
17,2,Новосибирск,evr,false,false,false,true,true,true,true,true,true,true,true,false,русский
29,2,Новосибирск,evr,false,false,false,true,true,true,true,false,true,false,true,false,русский
30,1,Новосибирск,evr,false,false,false,true,true,true,true,true,false,true,true,false,русский
23,2,Новосибирск,evr,true,false,false,true,true,true,true,false,true,true,true,false,русский
27,1,Новосибирск,evr,false,false,false,false,false,false,false,false,false,false,true,false,русский
21,2,Новосибирск,evr,false,false,false,false,false,false,false,false,false,false,true,false,русский
19,1,Новосибирск,evr,false,false,false,false,false,false,false,false,false,false,true,false,русский
18,1,Кызыл,mon,false,false,false,false,true,true,false,false,false,false,true,false,тувинец
20,2,Кызыл,mon,false,false,false,false,true,true,false,false,false,false,true,false,тувинец
17,1,Кызыл,mon,false,false,false,false,true,true,false,false,false,false,true,false,тувинец
26,2,Кызыл,mon,false,false,false,false,true,true,false,false,false,false,true,false,тувинец
32,2,Кызыл,mon,false,false,false,false,true,true,false,false,false,false,true,false,тувинец
19,1,Кызыл,mon,false,false,false,false,true,true,false,false,false,false,true,false,тувинец
25,2,Кызыл,mon,false,false,false,false,true,true,false,false,false,false,true,false,тувинец
26,2,Кызыл,mon,false,false,false,false,true,true,false,false,false,false,true,false,тувинец
22,1,Кызыл,mon,false,false,false,false,false,true,false,false,false,false,true,false,тувинец
29,1,Кызыл,mon,false,false,false,false,true,true,false,false,false,false,true,false,тувинец
23,2,Кызыл,mon,false,false,false,false,true,true,false,false,false,false,true,false,тувинец
24,2,Кызыл,mon,false,false,false,false,true,true,false,false,false,false,true,false,тувинец
21,2,Кызыл,mon,false,false,false,false,true,true,false,false,false,false,true,false,тувинец
19,2,Кызыл,mon,false,false,false,false,false,false,false,false,false,false,true,false,тувинец
20,2,Кызыл,mon,false,false,false,false,true,true,false,false,false,false,true,false,тувинец
20,2,Кызыл,mon,false,false,false,false,false,false,false,false,false,false,true,false,тувинец
24,2,Кызыл,mon,false,false,false,false,true,true,false,false,false,false,true,false,тувинец
30,2,Кызыл,mon,false,false,false,false,false,false,false,false,false,false,true,false,тувинец
22,2,Кызыл,mon,false,false,false,false,true,true,false,false,false,false,true,false,тувинец
27,2,Кызыл,mon,false,false,false,false,false,true,false,false,false,false,true,false,тувинец
19,1,Кызыл,mon,false,false,false,false,false,true,false,false,false,false,true,false,тувинец
27,2,Кызыл,mon,false,false,false,false,true,true,false,false,false,false,true,false,тувинец
21,1,Кызыл,mon,false,false,false,false,true,true,false,false,false,false,true,false,тувинец
21,1,Кызыл,mon,false,false,false,false,true,true,false,false,false,false,true,false,тувинец
17,2,Новосибирск,evr,false,false,true,false,false,true,false,false,false,false,true,false,русский
20,2,Новосибирск,evr,false,false,false,false,false,false,false,false,false,false,true,false,русский
22,1,Новосибирск,evr,false,false,false,false,true,true,false,false,false,true,true,false,немец
24,1,Новосибирск,evr,false,false,false,false,false,false,false,false,false,false,true,false,еврей
26,2,Новосибирск,evr,false,false,false,true,true,true,true,true,false,true,true,false,русский
29,2,Новосибирск,evr,false,false,false,true,true,true,false,false,true,true,true,false,русский
20,2,Новосибирск,evr,false,false,false,true,true,true,false,false,true,false,true,false,русский
19,2,Новосибирск,evr,false,false,false,true,true,true,false,false,false,false,true,false,поляк
20,1,Новосибирск,evr,false,false,false,true,true,true,true,true,false,true,true,false,поляк
19,1,Новосибирск,mon,false,false,false,false,true,true,false,false,false,true,true,false,якут
13,1,Новосибирск,evr,false,false,false,false,false,false,false,false,false,false,true,false,русский
20,2,Новосибирск,evr,false,false,false,false,false,true,false,false,false,false,true,false,русский
18,1,Новосибирск,evr,false,false,true,false,false,true,false,false,false,false,true,true,русский
20,1,Новосибирск,evr,false,false,false,true,true,true,true,false,false,true,true,false,русский
28,1,Новосибирск,evr,false,false,false,true,false,true,false,true,false,true,true,false,русский
46,2,Новосибирск,evr,false,false,false,true,true,false,false,false,false,false,true,false,русский
23,2,Новосибирск,evr,false,false,false,true,true,true,true,true,false,true,true,false,русский
22,1,Новосибирск,evr,false,false,false,true,true,true,false,true,true,false,true,false,русский
19,1,Новосибирск,evr,false,false,false,false,false,false,false,false,false,false,true,false,еврей
20,2,Новосибирск,evr,false,false,false,false,true,true,false,true,false,false,true,false,украинец
21,2,Новосибирск,evr,false,false,false,true,true,true,false,true,false,false,true,false,поляк
28,1,Новосибирск,evr,false,false,false,true,false,true,false,true,false,true,true,false,казах
19,2,Новосибирск,evr,false,false,false,false,false,true,false,false,false,false,true,true,русский
20,2,Новосибирск,evr,false,false,false,false,false,true,false,false,false,false,true,false,русский
44,2,Новосибирск,evr,false,false,true,false,false,true,false,false,false,false,true,false,немец
18,2,Новосибирск,evr,false,false,true,false,false,true,false,false,false,false,true,false,украинец
20,2,Новосибирск,evr,false,false,false,true,true,false,true,true,false,true,true,false,еврей
19,2,Новосибирск,evr,true,false,false,true,true,true,false,true,true,true,true,false,украинец
21,2,Новосибирск,evr,false,false,false,false,true,false,false,false,true,false,true,false,поляк
23,2,Новосибирск,mon,false,false,false,true,true,true,false,false,false,true,true,false,казах
19,1,Якутск,evr,false,false,false,false,false,false,false,false,false,false,true,false,таджик
19,1,Якутск,evr,false,false,false,false,false,false,false,false,false,false,true,false,таджик
19,1,Якутск,evr,false,false,false,false,false,false,false,false,false,false,true,false,таджик
21,1,Якутск,evr,false,false,false,false,false,false,false,false,false,false,true,false,таджик
18,1,Якутск,evr,false,false,false,false,false,false,false,false,false,false,true,false,таджик
21,1,Якутск,mon,false,false,false,false,false,false,false,false,false,false,true,false,кыргыз
19,1,Якутск,mon,false,false,false,false,false,false,false,false,false,false,true,false,кыргыз
18,1,Якутск,mon,false,false,false,false,false,false,false,false,false,false,true,false,кыргыз
19,1,Якутск,evr,false,false,false,false,false,false,false,false,false,false,true,false,туркмен
28,1,Якутск,evr,false,false,false,false,false,false,false,false,false,false,true,false,туркмен
23,1,Якутск,mon,false,false,false,false,false,false,false,false,false,false,true,false,узбек
